location;date;total_cases;new_cases;total_deaths;total_vaccinations
World;23.01.2020;657.0;100.0;18.0;
World;24.01.2020;944.0;287.0;26.0;
World;25.01.2020;1437.0;493.0;42.0;
World;26.01.2020;2120.0;683.0;56.0;
World;27.01.2020;2929.0;809.0;82.0;
World;28.01.2020;5580.0;2651.0;131.0;
World;29.01.2020;6169.0;589.0;133.0;
World;30.01.2020;8237.0;2068.0;171.0;
World;31.01.2020;9927.0;1690.0;213.0;
World;01.02.2020;12038.0;2111.0;259.0;
World;02.02.2020;16787.0;4749.0;362.0;
World;03.02.2020;19887.0;3100.0;426.0;
World;04.02.2020;23899.0;4012.0;492.0;
World;05.02.2020;27644.0;3745.0;564.0;
World;06.02.2020;30806.0;3162.0;634.0;
World;07.02.2020;34400.0;3594.0;719.0;
World;08.02.2020;37131.0;2731.0;806.0;
World;09.02.2020;40162.0;3031.0;906.0;
World;10.02.2020;42771.0;2609.0;1013.0;
World;11.02.2020;44814.0;2043.0;1113.0;
World;12.02.2020;45232.0;418.0;1118.0;
World;13.02.2020;60384.0;15152.0;1371.0;
World;14.02.2020;66912.0;6528.0;1523.0;
World;15.02.2020;69055.0;2143.0;1666.0;
World;16.02.2020;71238.0;2183.0;1770.0;
World;17.02.2020;73273.0;2035.0;1868.0;
World;18.02.2020;75155.0;1882.0;2008.0;
World;19.02.2020;75655.0;500.0;2123.0;
World;20.02.2020;76216.0;561.0;2248.0;
World;21.02.2020;76846.0;630.0;2252.0;
World;22.02.2020;78608.0;1762.0;2459.0;
World;23.02.2020;78990.0;382.0;2470.0;
World;24.02.2020;79558.0;568.0;2630.0;
World;25.02.2020;80412.0;854.0;2710.0;
World;26.02.2020;81384.0;973.0;2771.0;
World;27.02.2020;82728.0;1344.0;2814.0;
World;28.02.2020;84152.0;1424.0;2873.0;
World;29.02.2020;86024.0;1872.0;2943.0;
World;01.03.2020;88403.0;2379.0;2997.0;
World;02.03.2020;90383.0;1980.0;3086.0;
World;03.03.2020;92995.0;2612.0;3160.0;
World;04.03.2020;95317.0;2322.0;3255.0;
World;05.03.2020;98028.0;2711.0;3348.0;
World;06.03.2020;101958.0;3930.0;3461.0;
World;07.03.2020;106089.0;4131.0;3566.0;
World;08.03.2020;109943.0;3854.0;3807.0;
World;09.03.2020;114266.0;4323.0;3997.0;
World;10.03.2020;119052.0;4786.0;4273.0;
World;11.03.2020;126530.0;7506.0;4618.0;
World;12.03.2020;133284.0;6754.0;4929.0;
World;13.03.2020;146481.0;13197.0;5419.0;
World;14.03.2020;157371.0;10890.0;5843.0;
World;15.03.2020;168607.0;11236.0;6491.0;
World;16.03.2020;183177.0;14570.0;7177.0;
World;17.03.2020;198358.0;15181.0;7988.0;
World;18.03.2020;215926.0;17568.0;8905.0;
World;19.03.2020;243021.0;27095.0;10015.0;
World;20.03.2020;272562.0;29543.0;11508.0;
World;21.03.2020;305006.0;32450.0;13238.0;
World;22.03.2020;339222.0;34216.0;14923.0;
World;23.03.2020;381780.0;42558.0;16891.0;
World;24.03.2020;423673.0;41908.0;19207.0;
World;25.03.2020;475170.0;51497.0;22038.0;
World;26.03.2020;535986.0;60816.0;25065.0;
World;27.03.2020;599929.0;63943.0;28545.0;
World;28.03.2020;669517.0;69588.0;32387.0;
World;29.03.2020;726038.0;56521.0;35853.0;
World;30.03.2020;791074.0;65036.0;39907.0;
World;31.03.2020;869487.0;78413.0;44667.0;
World;01.04.2020;951194.0;81707.0;50699.0;
World;02.04.2020;1033632.0;82439.0;56609.0;
World;03.04.2020;1117788.0;84156.0;62835.0;
World;04.04.2020;1178055.0;77344.0;68800.0;
World;05.04.2020;1250221.0;72166.0;74110.0;
World;06.04.2020;1324739.0;74518.0;79980.0;
World;07.04.2020;1393559.0;72314.0;88328.0;
World;08.04.2020;1475559.0;82000.0;95155.0;
World;09.04.2020;1562312.0;86753.0;103033.0;
World;10.04.2020;1648836.0;86524.0;110589.0;
World;11.04.2020;1724280.0;75444.0;117112.0;
World;12.04.2020;1843305.0;119046.0;122960.0;
World;13.04.2020;1915034.0;71729.0;129014.0;
World;14.04.2020;1999484.0;84450.0;136222.0;
World;15.04.2020;2077274.0;77790.0;144596.0;
World;16.04.2020;2171698.0;94424.0;152067.0;
World;17.04.2020;2259530.0;87832.0;160633.0;
World;18.04.2020;2337754.0;78225.0;167030.0;
World;19.04.2020;2414437.0;76683.0;172470.0;
World;20.04.2020;2490359.0;75922.0;178373.0;
World;21.04.2020;2566601.0;76242.0;185755.0;
World;22.04.2020;2648554.0;81953.0;192809.0;
World;23.04.2020;2731163.0;84318.0;199719.0;
World;24.04.2020;2815203.0;94074.0;206664.0;
World;25.04.2020;2898693.0;83490.0;212616.0;
World;26.04.2020;2969567.0;70875.0;216912.0;
World;27.04.2020;3040503.0;70936.0;221789.0;
World;28.04.2020;3116311.0;75808.0;228575.0;
World;29.04.2020;3193680.0;78824.0;235531.0;
World;30.04.2020;3277520.0;83840.0;241602.0;
World;01.05.2020;3366543.0;89023.0;247143.0;
World;02.05.2020;3444923.0;78547.0;253013.0;
World;03.05.2020;3519082.0;74175.0;256876.0;
World;04.05.2020;3596471.0;77395.0;261244.0;
World;05.05.2020;3676093.0;79622.0;267485.0;
World;06.05.2020;3766623.0;90530.0;274237.0;
World;07.05.2020;3855290.0;90250.0;279913.0;
World;08.05.2020;3945747.0;91937.0;285838.0;
World;09.05.2020;4030301.0;84554.0;290458.0;
World;10.05.2020;4105566.0;75265.0;294511.0;
World;11.05.2020;4181561.0;76052.0;298341.0;
World;12.05.2020;4266854.0;85313.0;304220.0;
World;13.05.2020;4351217.0;84364.0;309676.0;
World;14.05.2020;4446863.0;95647.0;315312.0;
World;15.05.2020;4543215.0;96352.0;321035.0;
World;16.05.2020;4637288.0;94073.0;325587.0;
World;17.05.2020;4715736.0;78448.0;329173.0;
World;18.05.2020;4804792.0;89056.0;333307.0;
World;19.05.2020;4900580.0;95997.0;338437.0;
World;20.05.2020;5005995.0;105415.0;343833.0;
World;21.05.2020;5111776.0;105885.0;348785.0;
World;22.05.2020;5219019.0;107243.0;354477.0;
World;23.05.2020;5323433.0;104414.0;358857.0;
World;24.05.2020;5416698.0;93704.0;362344.0;
World;25.05.2020;5504833.0;88507.0;363850.0;
World;26.05.2020;5597702.0;92869.0;368472.0;
World;27.05.2020;5700219.0;102517.0;373833.0;
World;28.05.2020;5819869.0;119650.0;378864.0;
World;29.05.2020;5941522.0;121653.0;384026.0;
World;30.05.2020;6076927.0;135405.0;388320.0;
World;31.05.2020;6179943.0;103016.0;391463.0;
World;01.06.2020;6280208.0;100265.0;395099.0;
World;02.06.2020;6403344.0;123783.0;400387.0;
World;03.06.2020;6514603.0;114485.0;406058.0;
World;04.06.2020;6652697.0;138094.0;411492.0;
World;05.06.2020;6786359.0;133662.0;416625.0;
World;06.06.2020;6915803.0;129444.0;420730.0;
World;07.06.2020;7026835.0;111032.0;423857.0;
World;08.06.2020;7129872.0;103037.0;428190.0;
World;09.06.2020;7256198.0;126326.0;433302.0;
World;10.06.2020;7393320.0;137122.0;438737.0;
World;11.06.2020;7529146.0;135826.0;443825.0;
World;12.06.2020;7656622.0;127476.0;448555.0;
World;13.06.2020;7790556.0;133934.0;452961.0;
World;14.06.2020;7922448.0;131892.0;456620.0;
World;15.06.2020;8047265.0;124817.0;460606.0;
World;16.06.2020;8191446.0;144181.0;467737.0;
World;17.06.2020;8334616.0;143170.0;473218.0;
World;18.06.2020;8477338.0;142722.0;478547.0;
World;19.06.2020;8658398.0;181208.0;484899.0;
World;20.06.2020;8844238.0;185840.0;489338.0;
World;21.06.2020;8937277.0;112835.0;493926.0;
World;22.06.2020;9079423.0;142147.0;497724.0;
World;23.06.2020;9247793.0;168373.0;503301.0;
World;24.06.2020;9419201.0;171408.0;508777.0;
World;25.06.2020;9598659.0;179458.0;513858.0;
World;26.06.2020;9791108.0;192449.0;518942.0;
World;27.06.2020;9967439.0;176331.0;523637.0;
World;28.06.2020;10135905.0;168875.0;527214.0;
World;29.06.2020;10288365.0;152460.0;531235.0;
World;30.06.2020;10472251.0;183886.0;536465.0;
World;01.07.2020;10687168.0;214917.0;541846.0;
World;02.07.2020;10891832.0;204664.0;547321.0;
World;03.07.2020;11094315.0;202484.0;552561.0;
World;04.07.2020;11283947.0;189632.0;557326.0;
World;05.07.2020;11469945.0;185998.0;561124.0;
World;06.07.2020;11637753.0;167808.0;565345.0;
World;07.07.2020;11847466.0;209713.0;571728.0;
World;08.07.2020;12062556.0;215090.0;577360.0;
World;09.07.2020;12286747.0;224191.0;583169.0;
World;10.07.2020;12519962.0;233215.0;588913.0;
World;11.07.2020;12732780.0;212818.0;594014.0;
World;12.07.2020;12925626.0;192846.0;598300.0;
World;13.07.2020;13119845.0;194219.0;602681.0;
World;14.07.2020;13341074.0;221229.0;608671.0;
World;15.07.2020;13570286.0;229212.0;614568.0;
World;16.07.2020;13815239.0;244953.0;620739.0;
World;17.07.2020;14052708.0;237469.0;627739.0;
World;18.07.2020;14288039.0;235331.0;634243.0;
World;19.07.2020;14499871.0;211832.0;639137.0;
World;20.07.2020;14707829.0;207958.0;643061.0;
World;21.07.2020;14951038.0;243319.0;649415.0;
World;22.07.2020;15226180.0;275160.0;656792.0;
World;23.07.2020;15505953.0;279774.0;663436.0;
World;24.07.2020;15789679.0;283726.0;669890.0;
World;25.07.2020;16039691.0;250012.0;675968.0;
World;26.07.2020;16251711.0;212020.0;680324.0;
World;27.07.2020;16485831.0;234124.0;685612.0;
World;28.07.2020;16750221.0;264390.0;692551.0;
World;29.07.2020;17020449.0;270228.0;699208.0;
World;30.07.2020;17302211.0;281762.0;705958.0;
World;31.07.2020;17589879.0;287668.0;712550.0;
World;01.08.2020;17836306.0;246427.0;718556.0;
World;02.08.2020;18067136.0;230830.0;723217.0;
World;03.08.2020;18272984.0;205849.0;728022.0;
World;04.08.2020;18538557.0;265573.0;735197.0;
World;05.08.2020;18813730.0;275173.0;742586.0;
World;06.08.2020;19100571.0;286841.0;749411.0;
World;07.08.2020;19383156.0;282585.0;756152.0;
World;08.08.2020;19648551.0;265395.0;762169.0;
World;09.08.2020;19881651.0;233102.0;767343.0;
World;10.08.2020;20114840.0;233189.0;772711.0;
World;11.08.2020;20380688.0;265849.0;779332.0;
World;12.08.2020;20655625.0;274937.0;786274.0;
World;13.08.2020;20945934.0;290325.0;793069.0;
World;14.08.2020;21253047.0;307113.0;799652.0;
World;15.08.2020;21502142.0;249095.0;805667.0;
World;16.08.2020;21712266.0;210166.0;810459.0;
World;17.08.2020;21924990.0;212724.0;815079.0;
World;18.08.2020;22184540.0;259550.0;822136.0;
World;19.08.2020;22461840.0;277300.0;828541.0;
World;20.08.2020;22733307.0;271467.0;834980.0;
World;21.08.2020;22994958.0;261651.0;840722.0;
World;22.08.2020;23258878.0;263920.0;846516.0;
World;23.08.2020;23461640.0;202762.0;850839.0;
World;24.08.2020;23689588.0;228048.0;855662.0;
World;25.08.2020;23935090.0;245502.0;862222.0;
World;26.08.2020;24216533.0;281443.0;868769.0;
World;27.08.2020;24503869.0;287336.0;874984.0;
World;28.08.2020;24787980.0;285459.0;880799.0;
World;29.08.2020;25048738.0;260758.0;886591.0;
World;30.08.2020;25268438.0;219700.0;890854.0;
World;31.08.2020;25532596.0;264158.0;895267.0;
World;01.09.2020;25799661.0;267065.0;901867.0;
World;02.09.2020;26081278.0;281629.0;908158.0;
World;03.09.2020;26366632.0;285354.0;914262.0;
World;04.09.2020;26668031.0;301399.0;920102.0;
World;05.09.2020;26942133.0;274102.0;925206.0;
World;06.09.2020;27171174.0;229041.0;929328.0;
World;07.09.2020;27388323.0;225102.0;938927.0;
World;08.09.2020;27634628.0;246305.0;944059.0;
World;09.09.2020;27919612.0;284984.0;950318.0;
World;10.09.2020;28223828.0;304216.0;956320.0;
World;11.09.2020;28539985.0;316157.0;962306.0;
World;12.09.2020;28828665.0;288680.0;967354.0;
World;13.09.2020;29077470.0;248805.0;971302.0;
World;14.09.2020;29344307.0;266837.0;975894.0;
World;15.09.2020;29624726.0;280419.0;982464.0;
World;16.09.2020;29929507.0;304781.0;988324.0;
World;17.09.2020;30244958.0;315451.0;993957.0;
World;18.09.2020;30571536.0;326578.0;999808.0;
World;19.09.2020;30864778.0;293242.0;1005084.0;
World;20.09.2020;31119906.0;255128.0;1009048.0;
World;21.09.2020;31379622.0;259716.0;1013456.0;
World;22.09.2020;31664030.0;284408.0;1019611.0;
World;23.09.2020;31975427.0;311397.0;1026135.0;
World;24.09.2020;32296269.0;320842.0;1031806.0;
World;25.09.2020;32626422.0;330153.0;1037820.0;
World;26.09.2020;32912151.0;285729.0;1043249.0;
World;27.09.2020;33159177.0;247118.0;1047095.0;
World;28.09.2020;33421645.0;262468.0;1051170.0;
World;29.09.2020;33704304.0;282659.0;1057263.0;
World;30.09.2020;34028456.0;324152.0;1063703.0;
World;01.10.2020;34347399.0;318943.0;1072589.0;
World;02.10.2020;34676838.0;329439.0;1078186.0;
World;03.10.2020;34974098.0;297260.0;1082909.0;
World;04.10.2020;35234369.0;260271.0;1086903.0;
World;05.10.2020;35545123.0;310754.0;1093942.0;
World;06.10.2020;35860862.0;315739.0;1099800.0;
World;07.10.2020;36209590.0;348728.0;1105690.0;
World;08.10.2020;36568611.0;359021.0;1112056.0;
World;09.10.2020;36928684.0;360073.0;1118250.0;
World;10.10.2020;37284337.0;355653.0;1123133.0;
World;11.10.2020;37573854.0;289517.0;1127269.0;
World;12.10.2020;37863007.0;289153.0;1131325.0;
World;13.10.2020;38182005.0;318998.0;1136717.0;
World;14.10.2020;38561881.0;379876.0;1142905.0;
World;15.10.2020;38968562.0;406681.0;1149089.0;
World;16.10.2020;39378948.0;410386.0;1155280.0;
World;17.10.2020;39751004.0;372056.0;1160968.0;
World;18.10.2020;40082096.0;331092.0;1164827.0;
World;19.10.2020;40456188.0;374092.0;1169536.0;
World;20.10.2020;40844303.0;388115.0;1176183.0;
World;21.10.2020;41282979.0;438676.0;1183043.0;
World;22.10.2020;41764417.0;481438.0;1188935.0;
World;23.10.2020;42257823.0;493406.0;1196038.0;
World;24.10.2020;42714375.0;456552.0;1201905.0;
World;25.10.2020;43073812.0;359437.0;1206166.0;
World;26.10.2020;43557094.0;483282.0;1211783.0;
World;27.10.2020;44023860.0;466766.0;1219262.0;
World;28.10.2020;44543414.0;519554.0;1226448.0;
World;29.10.2020;45093536.0;550122.0;1233650.0;
World;30.10.2020;45664298.0;570762.0;1241338.0;
World;31.10.2020;46137064.0;472766.0;1247955.0;
World;01.11.2020;46575648.0;438584.0;1253096.0;
World;02.11.2020;47122101.0;546453.0;1259196.0;
World;03.11.2020;47685624.0;563523.0;1268766.0;
World;04.11.2020;48175799.0;536634.0;1278845.0;
World;05.11.2020;48792846.0;617048.0;1287526.0;
World;06.11.2020;49414173.0;621327.0;1296672.0;
World;07.11.2020;50013463.0;599290.0;1304447.0;
World;08.11.2020;50504997.0;491534.0;1310549.0;
World;09.11.2020;51012082.0;507085.0;1317814.0;
World;10.11.2020;51580396.0;568314.0;1327669.0;
World;11.11.2020;52202996.0;622600.0;1338235.0;
World;12.11.2020;52842356.0;639360.0;1348039.0;
World;13.11.2020;53504212.0;661856.0;1357871.0;
World;14.11.2020;54092123.0;587911.0;1367008.0;
World;15.11.2020;54583557.0;491434.0;1373637.0;
World;16.11.2020;55106589.0;523032.0;1381421.0;
World;17.11.2020;55706125.0;599536.0;1392498.0;
World;18.11.2020;56326853.0;620728.0;1403946.0;
World;19.11.2020;56981180.0;654327.0;1415108.0;
World;20.11.2020;57655747.0;674567.0;1426856.0;
World;21.11.2020;58250414.0;594667.0;1436009.0;
World;22.11.2020;58749976.0;499562.0;1443550.0;
World;23.11.2020;59281266.0;531290.0;1451906.0;
World;24.11.2020;59870535.0;589269.0;1464498.0;
World;25.11.2020;60486425.0;615890.0;1476679.0;
World;26.11.2020;61080023.0;593598.0;1487681.0;
World;27.11.2020;61774751.0;694728.0;1499197.0;
World;28.11.2020;62383055.0;608304.0;1508653.0;
World;29.11.2020;62879399.0;496344.0;1516009.0;
World;30.11.2020;63382293.0;502894.0;1524771.0;
World;01.12.2020;63995466.0;613173.0;1537413.0;
World;02.12.2020;64634686.0;639220.0;1550059.0;0.0
World;03.12.2020;65325925.0;691239.0;1562734.0;0.0
World;04.12.2020;66022589.0;696664.0;1575169.0;1.0
World;05.12.2020;66667021.0;644432.0;1585760.0;1.0
World;06.12.2020;67212066.0;545045.0;1593639.0;1.0
World;07.12.2020;67746099.0;534033.0;1602126.0;2.0
World;08.12.2020;68376401.0;630302.0;1614285.0;8.0
World;09.12.2020;69041833.0;665432.0;1627149.0;10.0
World;10.12.2020;70538484.0;673428.0;1639654.0;11.0
World;11.12.2020;71246314.0;707830.0;1652814.0;16.0
World;12.12.2020;71896369.0;650055.0;1663708.0;16.0
World;13.12.2020;72436052.0;539683.0;1671729.0;33219.0
World;14.12.2020;72987220.0;551168.0;1680616.0;37839.0
World;15.12.2020;73634369.0;647149.0;1693958.0;1615248.0
World;16.12.2020;74352666.0;718331.0;1708055.0;1777785.0
World;17.12.2020;75092113.0;739447.0;1721260.0;2055544.0
World;18.12.2020;75814759.0;722646.0;1734238.0;2477028.0
World;19.12.2020;76450467.0;635708.0;1745571.0;2660689.0
World;20.12.2020;76998804.0;548337.0;1753767.0;2774892.0
World;21.12.2020;77544838.0;546034.0;1762864.0;3192859.0
World;22.12.2020;78196174.0;651336.0;1776797.0;3716257.0
World;23.12.2020;78878884.0;682710.0;1790727.0;4402906.0
World;24.12.2020;79573946.0;695062.0;1802954.0;4698268.0
World;25.12.2020;80094030.0;520084.0;1811920.0;4757756.0
World;26.12.2020;80601207.0;507177.0;1819385.0;4937139.0
World;27.12.2020;81014043.0;412836.0;1827171.0;5197034.0
World;28.12.2020;81512112.0;498069.0;1836320.0;5978791.0
World;29.12.2020;82182766.0;670654.0;1851090.0;6984242.0
World;30.12.2020;82908082.0;725316.0;1866790.0;8161309.0
World;31.12.2020;83748181.0;840099.0;1880470.0;11866712.0
World;01.01.2021;84336845.0;588664.0;1890469.0;12109013.0
World;02.01.2021;84918218.0;581373.0;1898950.0;13305599.0
World;03.01.2021;85438577.0;520359.0;1906616.0;13709095.0
World;04.01.2021;85994975.0;556398.0;1916058.0;14852516.0
World;05.01.2021;86736236.0;741261.0;1931421.0;16986428.0
World;06.01.2021;87527152.0;790916.0;1946427.0;18552091.0
World;07.01.2021;88398402.0;871251.0;1961509.0;20343197.0
World;08.01.2021;89235113.0;836711.0;1977039.0;22284246.0
World;09.01.2021;89992675.0;757562.0;1990405.0;27751437.0
World;10.01.2021;90595156.0;602481.0;1999365.0;30991498.0
World;11.01.2021;91209234.0;614078.0;2008951.0;32858195.0
World;12.01.2021;91901026.0;691792.0;2025895.0;35022854.0
World;13.01.2021;92644891.0;743865.0;2042636.0;38769166.0
World;14.01.2021;93404762.0;759871.0;2058248.0;41689795.0
World;15.01.2021;94189315.0;784553.0;2073895.0;44643696.0
World;16.01.2021;94846982.0;657667.0;2087814.0;46506016.0
World;17.01.2021;95375043.0;528061.0;2096942.0;47716747.0
World;18.01.2021;95891861.0;516819.0;2106598.0;50147926.0
World;19.01.2021;96484614.0;592753.0;2122433.0;53137162.0
World;20.01.2021;97171517.0;686903.0;2140583.0;61439993.0
World;21.01.2021;97840826.0;669309.0;2157864.0;64967867.0
World;22.01.2021;98504741.0;663915.0;2173955.0;69052815.0
World;23.01.2021;99082284.0;577543.0;2188581.0;71542644.0
World;24.01.2021;99544623.0;462339.0;2197714.0;73078711.0
World;25.01.2021;100025783.0;481160.0;2208162.0;76331211.0
World;26.01.2021;100586839.0;561056.0;2225965.0;87617733.0
World;27.01.2021;101188038.0;601199.0;2243388.0;91668865.0
World;28.01.2021;101803214.0;615176.0;2259953.0;96267097.0
World;29.01.2021;102392662.0;589450.0;2275756.0;100947650.0
World;30.01.2021;102907879.0;515217.0;2289216.0;104000807.0
World;31.01.2021;103304785.0;396906.0;2298358.0;107098115.0
World;01.02.2021;103747319.0;442534.0;2307973.0;110503557.0
World;02.02.2021;104212404.0;465085.0;2323303.0;114289304.0
World;03.02.2021;104737650.0;525246.0;2339480.0;126281918.0
World;04.02.2021;105209795.0;472145.0;2352443.0;131634535.0
World;05.02.2021;105746956.0;537161.0;2369749.0;137115792.0
World;06.02.2021;106182741.0;435785.0;2381627.0;140556027.0
World;07.02.2021;106534604.0;351863.0;2389009.0;142217188.0
World;08.02.2021;106874118.0;339515.0;2398099.0;146029900.0
World;09.02.2021;107281059.0;406941.0;2413170.0;160019285.0
World;10.02.2021;107721140.0;440081.0;2427318.0;165492926.0
World;11.02.2021;108165922.0;444782.0;2441204.0;171084669.0
World;12.02.2021;108596585.0;430663.0;2454212.0;177595921.0
World;13.02.2021;108977443.0;380858.0;2464951.0;181714113.0
World;14.02.2021;109286353.0;308910.0;2471679.0;183855594.0
World;15.02.2021;109566516.0;280163.0;2479110.0;188379584.0
World;16.02.2021;109925677.0;359161.0;2490430.0;193359947.0
World;17.02.2021;110311952.0;386275.0;2502017.0;199179284.0
World;18.02.2021;110722941.0;410989.0;2513935.0;205669767.0
World;19.02.2021;111132969.0;410028.0;2525630.0;211466930.0
World;20.02.2021;111508451.0;375482.0;2534724.0;215680980.0
World;21.02.2021;111827959.0;319508.0;2541314.0;217867756.0
World;22.02.2021;112122997.0;295038.0;2548355.0;222182675.0
World;23.02.2021;112515802.0;392805.0;2560024.0;227808856.0
World;24.02.2021;112960726.0;444924.0;2572551.0;234379554.0
World;25.02.2021;113413896.0;453170.0;2583419.0;241660346.0
World;26.02.2021;113856315.0;442419.0;2594009.0;249142943.0
World;27.02.2021;114253600.0;397285.0;2602716.0;254416175.0
World;28.02.2021;114562801.0;309201.0;2609062.0;269103482.0
World;01.03.2021;114868649.0;305848.0;2616475.0;274699344.0
World;02.03.2021;115181706.0;387404.0;2626832.0;285964616.0
World;03.03.2021;115623540.0;441834.0;2638604.0;294160517.0
World;04.03.2021;116082461.0;458921.0;2649077.0;303684482.0
World;05.03.2021;116532216.0;449755.0;2659571.0;312908715.0
World;06.03.2021;116946520.0;414304.0;2667851.0;319994860.0
World;07.03.2021;117320994.0;374474.0;2673811.0;323772444.0
World;08.03.2021;117625781.0;304787.0;2680864.0;331563357.0
World;09.03.2021;118039561.0;413780.0;2691414.0;340003472.0
World;10.03.2021;118498469.0;458908.0;2701596.0;350093715.0
World;11.03.2021;118988241.0;489772.0;2711843.0;359323789.0
World;12.03.2021;119477765.0;489524.0;2721737.0;369883833.0
World;13.03.2021;119933964.0;456199.0;2730345.0;377580313.0
World;14.03.2021;120299683.0;365719.0;2736177.0;393871679.0
World;15.03.2021;120653266.0;353583.0;2743667.0;403924767.0
World;16.03.2021;121119370.0;466104.0;2754293.0;413888547.0
World;17.03.2021;121664436.0;545066.0;2764897.0;424796176.0
World;18.03.2021;122212562.0;548126.0;2775628.0;435384887.0
World;19.03.2021;122775783.0;563221.0;2786455.0;448696424.0
World;20.03.2021;123274875.0;499092.0;2795248.0;467331841.0
World;21.03.2021;123715251.0;440376.0;2803712.0;471778853.0
World;22.03.2021;124135435.0;422398.0;2811600.0;487625290.0
World;23.03.2021;124641541.0;506106.0;2823096.0;500459536.0
World;24.03.2021;125271061.0;631521.0;2833790.0;516003718.0
World;25.03.2021;125923486.0;652425.0;2845343.0;533617352.0
World;26.03.2021;126563722.0;640236.0;2858119.0;553441394.0
World;27.03.2021;127148503.0;584781.0;2868336.0;567726580.0
World;28.03.2021;127641104.0;492601.0;2875589.0;576500104.0
World;29.03.2021;128099642.0;458538.0;2884199.0;592752270.0
World;30.03.2021;128661414.0;561772.0;2896116.0;608801030.0
World;31.03.2021;129335411.0;673997.0;2909018.0;628835042.0
World;01.04.2021;130045218.0;709807.0;2921312.0;650914008.0
World;02.04.2021;130690193.0;644975.0;2931952.0;671078170.0
World;03.04.2021;131230918.0;540725.0;2941266.0;683664092.0
World;04.04.2021;131790825.0;559907.0;2948676.0;693644925.0
World;05.04.2021;132286583.0;495758.0;2956930.0;708443848.0
World;06.04.2021;132893571.0;606988.0;2969383.0;725953978.0
World;07.04.2021;133556755.0;663184.0;2984771.0;745819461.0
World;08.04.2021;134393057.0;836302.0;2999072.0;769779063.0
World;09.04.2021;135140708.0;752511.0;3013457.0;792450616.0
World;10.04.2021;135811463.0;670755.0;3026485.0;808454041.0
World;11.04.2021;136521194.0;709731.0;3035585.0;819739599.0
World;12.04.2021;137133949.0;612755.0;3045486.0;838418018.0
World;13.04.2021;137898024.0;764075.0;3059290.0;855843339.0
World;14.04.2021;138709925.0;811901.0;3073389.0;875143611.0
World;15.04.2021;139530891.0;820966.0;3087047.0;894043528.0
World;16.04.2021;140391394.0;860503.0;3100445.0;912624500.0
World;17.04.2021;141185483.0;794142.0;3113056.0;926102382.0
World;18.04.2021;141885610.0;700127.0;3122176.0;936331418.0
World;19.04.2021;142575264.0;689654.0;3133291.0;952079310.0
World;20.04.2021;143414961.0;839697.0;3147600.0;966761525.0
World;21.04.2021;144303738.0;888777.0;3162319.0;986045216.0
World;22.04.2021;145203746.0;900008.0;3176210.0;1008427323.0
World;23.04.2021;146111567.0;907829.0;3191473.0;1027293179.0
World;24.04.2021;146936518.0;824951.0;3204617.0;1039725083.0
World;25.04.2021;147665194.0;728676.0;3215371.0;1056711776.0
World;26.04.2021;148353293.0;688099.0;3226980.0;1073944689.0
World;27.04.2021;149192754.0;839461.0;3241982.0;1094865000.0
World;28.04.2021;150090955.0;898201.0;3257941.0;1120810332.0
World;29.04.2021;150986024.0;895069.0;3273671.0;1145500846.0
World;30.04.2021;151877826.0;891802.0;3288088.0;1171598573.0
World;01.05.2021;152673287.0;795461.0;3301118.0;1185616685.0
World;02.05.2021;153360506.0;687219.0;3311427.0;1196674711.0
World;03.05.2021;154050127.0;689621.0;3323091.0;1211440408.0
World;04.05.2021;154835496.0;785369.0;3337177.0;1231027724.0
World;05.05.2021;155677668.0;842172.0;3352058.0;1251669269.0
World;06.05.2021;156550724.0;873056.0;3366645.0;1275661196.0
World;07.05.2021;157385775.0;835051.0;3381108.0;1303345664.0
World;08.05.2021;158174868.0;789093.0;3394411.0;1323188074.0
World;09.05.2021;158824303.0;649436.0;3404845.0;1336961764.0
World;10.05.2021;159449465.0;625162.0;3415914.0;1359441107.0
World;11.05.2021;160175512.0;726064.0;3430100.0;1384339445.0
World;12.05.2021;160943175.0;767663.0;3444242.0;1411236309.0
World;13.05.2021;161678704.0;735529.0;3457674.0;1437837620.0
World;14.05.2021;162388739.0;710035.0;3470689.0;1464503472.0
World;15.05.2021;163020765.0;632026.0;3482953.0;1488033335.0
World;16.05.2021;163567303.0;546538.0;3493232.0;1510310772.0
World;17.05.2021;164110571.0;543268.0;3504555.0;1537349592.0
World;18.05.2021;164730278.0;622071.0;3518623.0;1565950028.0
World;19.05.2021;165402813.0;672535.0;3532096.0;1593998723.0
World;20.05.2021;165685213.0;631246.0;3545266.0;1627905066.0
World;21.05.2021;166311624.0;626411.0;3558227.0;1659429173.0
World;22.05.2021;166884347.0;572723.0;3569663.0;1687158795.0
World;23.05.2021;167365936.0;481589.0;3579497.0;1709558860.0
World;24.05.2021;167816778.0;450843.0;3588627.0;1739061091.0
World;25.05.2021;168351060.0;534282.0;3601600.0;1771982625.0
World;26.05.2021;168919610.0;568550.0;3614397.0;1808092518.0
World;27.05.2021;169466686.0;547076.0;3627334.0;1841250739.0
World;28.05.2021;169972369.0;505683.0;3639333.0;1875966996.0
World;29.05.2021;170452968.0;480599.0;3650145.0;1908047499.0
World;30.05.2021;170843111.0;390143.0;3658537.0;1935412049.0
World;31.05.2021;171230092.0;386981.0;3667208.0;1972578121.0
World;01.06.2021;171690092.0;460000.0;3682416.0;2011491406.0
World;02.06.2021;172177696.0;487604.0;3694315.0;2052081496.0
World;03.06.2021;172658690.0;480994.0;3704484.0;2087078124.0
World;04.06.2021;173083899.0;425209.0;3715133.0;2127527890.0
World;05.06.2021;173480918.0;397019.0;3724529.0;2159897520.0
World;06.06.2021;173804063.0;323145.0;3731811.0;2185965234.0
World;07.06.2021;174125795.0;321732.0;3739874.0;2217354832.0
World;08.06.2021;174496661.0;370866.0;3750522.0;2252512762.0
World;09.06.2021;174915141.0;418480.0;3760676.0;2289574222.0
World;10.06.2021;175368710.0;453569.0;3776650.0;2328618653.0
World;11.06.2021;175791340.0;422630.0;3788392.0;2366672746.0
World;12.06.2021;176159965.0;368625.0;3798200.0;2397502337.0
World;13.06.2021;176462927.0;302962.0;3807465.0;2424575104.0
World;14.06.2021;176772481.0;309554.0;3815447.0;2452975151.0
World;15.06.2021;177147387.0;374906.0;3826192.0;2492449104.0
World;16.06.2021;177536357.0;388970.0;3836246.0;2533914133.0
World;17.06.2021;177932659.0;396302.0;3845540.0;2579131120.0
World;18.06.2021;178336132.0;403473.0;3854740.0;2623807531.0
World;19.06.2021;178684593.0;348461.0;3862899.0;2661235117.0
World;20.06.2021;178988048.0;303455.0;3869639.0;2694574634.0
World;21.06.2021;179284668.0;296620.0;3876628.0;2737315349.0
World;22.06.2021;179695019.0;410351.0;3885554.0;2781237494.0
World;23.06.2021;180092058.0;397039.0;3894936.0;2824889628.0
World;24.06.2021;180501464.0;409406.0;3903578.0;2873218438.0
World;25.06.2021;180919463.0;417999.0;3912813.0;2919908137.0
World;26.06.2021;181282588.0;363125.0;3920342.0;2961925903.0
World;27.06.2021;181593681.0;311093.0;3926418.0;2996892706.0
World;28.06.2021;181926798.0;333117.0;3932966.0;3035203597.0
World;29.06.2021;182308267.0;381469.0;3941109.0;3076867031.0
World;30.06.2021;182707721.0;399477.0;3950308.0;3115191780.0
World;01.07.2021;183143455.0;435734.0;3958856.0;3159128554.0
World;02.07.2021;183585844.0;442389.0;3967199.0;3195407622.0
World;03.07.2021;183960419.0;374575.0;3974118.0;3229505495.0
World;04.07.2021;184288673.0;328254.0;3980742.0;3254411577.0
World;05.07.2021;184665342.0;376669.0;3988092.0;3287109631.0
World;06.07.2021;185115957.0;450615.0;3996579.0;3320025673.0
World;07.07.2021;185580995.0;465038.0;4005119.0;3353094526.0
World;08.07.2021;186062805.0;481810.0;4014030.0;3392535493.0
World;09.07.2021;186576682.0;513877.0;4022403.0;3420950911.0
World;10.07.2021;186998766.0;422084.0;4029006.0;3450044261.0
World;11.07.2021;187369344.0;370578.0;4036619.0;3471745150.0
World;12.07.2021;187801556.0;432212.0;4044685.0;3501412302.0
World;13.07.2021;188327488.0;525932.0;4053067.0;3536477678.0
World;14.07.2021;188865351.0;537863.0;4061674.0;3572638850.0
World;15.07.2021;189441749.0;576398.0;4070301.0;3607872138.0
World;16.07.2021;190037729.0;595980.0;4079047.0;3641583896.0
World;17.07.2021;190528188.0;490459.0;4086564.0;3670477015.0
World;18.07.2021;190949610.0;421422.0;4093105.0;3690546641.0
World;19.07.2021;191435934.0;486324.0;4100246.0;3724209659.0
World;20.07.2021;191968444.0;532510.0;4120972.0;3757666559.0
World;21.07.2021;192524124.0;555680.0;4129636.0;3790227583.0
World;22.07.2021;193089365.0;565241.0;4138406.0;3828926569.0
World;23.07.2021;193817600.0;728235.0;4146727.0;3867961188.0
World;24.07.2021;194250777.0;492552.0;4155422.0;3898994757.0
World;25.07.2021;194697059.0;446282.0;4162760.0;3926121475.0
World;26.07.2021;195235194.0;538135.0;4171174.0;3967563159.0
World;27.07.2021;195841806.0;606612.0;4181016.0;4008588233.0
World;28.07.2021;196491624.0;649818.0;4191169.0;4051250326.0
World;29.07.2021;197134706.0;643082.0;4201434.0;4097238576.0
World;30.07.2021;197867267.0;732561.0;4210985.0;4141234436.0
World;31.07.2021;198386124.0;518857.0;4219820.0;4173842044.0
World;01.08.2021;198870376.0;484252.0;4227187.0;4213643450.0
World;02.08.2021;199437912.0;567536.0;4235236.0;4252833409.0
World;03.08.2021;200072389.0;634477.0;4245640.0;4308474274.0
World;04.08.2021;200752519.0;680130.0;4256141.0;4348404101.0
World;05.08.2021;201437940.0;685421.0;4267094.0;4389211886.0
World;06.08.2021;202257523.0;819583.0;4277543.0;4429180494.0
World;07.08.2021;202821044.0;563521.0;4286213.0;4461835124.0
World;08.08.2021;203290969.0;469925.0;4293656.0;4493834679.0
World;09.08.2021;203905141.0;614172.0;4302415.0;4533703984.0
World;10.08.2021;204550745.0;645604.0;4314009.0;4572005274.0
World;11.08.2021;205281057.0;730312.0;4324528.0;4609591869.0
World;12.08.2021;205987045.0;705988.0;4335034.0;4643506369.0
World;13.08.2021;206788863.0;801818.0;4345494.0;4689761942.0
World;14.08.2021;207346253.0;557390.0;4354219.0;4721576893.0
World;15.08.2021;207816505.0;470252.0;4361634.0;4744462570.0
World;16.08.2021;208471502.0;654997.0;4371400.0;4785866947.0
World;17.08.2021;209153567.0;682065.0;4382164.0;4825130997.0
World;18.08.2021;209889194.0;735627.0;4392977.0;4863120984.0
World;19.08.2021;210601151.0;711957.0;4404415.0;4898768229.0
World;20.08.2021;211386421.0;785270.0;4414906.0;4940535509.0
World;21.08.2021;211952270.0;565849.0;4423808.0;4972830163.0
World;22.08.2021;212406198.0;453928.0;4431503.0;5000593487.0
World;23.08.2021;213077169.0;670971.0;4441452.0;5034026401.0
World;24.08.2021;213753738.0;676569.0;4452493.0;5076962991.0
World;25.08.2021;214490519.0;736781.0;4463846.0;5121614418.0
World;26.08.2021;215226968.0;736449.0;4475453.0;5162334572.0
World;27.08.2021;215978355.0;751387.0;4485803.0;5214984828.0
World;28.08.2021;216544614.0;566259.0;4494244.0;5252407118.0
World;29.08.2021;216998553.0;453939.0;4500988.0;5290475183.0
World;30.08.2021;217653024.0;654471.0;4510459.0;5324292603.0
World;31.08.2021;218274130.0;621106.0;4519687.0;5364899306.0
World;01.09.2021;218992894.0;718764.0;4532179.0;5410345591.0
World;02.09.2021;219669557.0;678370.0;4543398.0;5443172869.0
World;03.09.2021;220393479.0;723923.0;4554101.0;5472863605.0
World;04.09.2021;220899535.0;506056.0;4561846.0;5499752110.0
World;05.09.2021;221355622.0;456087.0;4568338.0;5531594315.0
World;06.09.2021;221815838.0;460229.0;4576350.0;5557050265.0
World;07.09.2021;222472039.0;656201.0;4586841.0;5591689482.0
World;08.09.2021;223108591.0;636552.0;4596947.0;5631140345.0
World;09.09.2021;223748464.0;639873.0;4607664.0;5668677984.0
World;10.09.2021;224407535.0;659071.0;4616843.0;5699670681.0
World;11.09.2021;224885785.0;478250.0;4625247.0;5734759609.0
World;12.09.2021;225263138.0;377353.0;4630837.0;5768045458.0
World;13.09.2021;225825593.0;562455.0;4639884.0;5799353632.0
World;14.09.2021;226375941.0;550348.0;4649783.0;5826140746.0
World;15.09.2021;226942326.0;567561.0;4660257.0;5857440680.0
World;16.09.2021;227529845.0;587519.0;4670737.0;5888365242.0
World;17.09.2021;228153194.0;623349.0;4679784.0;5916219781.0
World;18.09.2021;228684541.0;406469.0;4686335.0;5956384757.0
World;19.09.2021;229053894.0;369353.0;4692371.0;5983457197.0
World;20.09.2021;229570243.0;516349.0;4700519.0;6008597646.0
World;21.09.2021;230059664.0;489421.0;4709943.0;6037928686.0
World;22.09.2021;230593726.0;534062.0;4719682.0;6066035844.0
World;23.09.2021;231141847.0;548121.0;4729537.0;6097888931.0
World;24.09.2021;231691207.0;549360.0;4738259.0;6127877255.0
World;25.09.2021;232070896.0;379812.0;4743777.0;6149885551.0
World;26.09.2021;232433039.0;362143.0;4749251.0;6167825911.0
World;27.09.2021;232902908.0;469869.0;4756881.0;6214017213.0
World;28.09.2021;233354122.0;451214.0;4766278.0;6241584470.0
World;29.09.2021;233844049.0;489927.0;4775550.0;6272944237.0
World;30.09.2021;234334010.0;489961.0;4784391.0;6302563462.0
World;01.10.2021;234856287.0;522277.0;4793020.0;6326458735.0
World;02.10.2021;235213765.0;357478.0;4798990.0;6348251688.0
World;03.10.2021;235527438.0;313673.0;4803270.0;6370047174.0
World;04.10.2021;235962118.0;434680.0;4810327.0;6392186148.0
World;05.10.2021;236385278.0;423160.0;4817726.0;6425533535.0
World;06.10.2021;236891485.0;506207.0;4826896.0;6449117664.0
World;07.10.2021;237353642.0;462157.0;4835827.0;6472768638.0
World;08.10.2021;237829882.0;476240.0;4843375.0;6504798607.0
World;09.10.2021;238177298.0;347439.0;4848285.0;6526471071.0
World;10.10.2021;238499887.0;322589.0;4852982.0;6554254564.0
World;11.10.2021;238874815.0;374928.0;4858721.0;6573705111.0
World;12.10.2021;239313127.0;438312.0;4866779.0;6596641962.0
World;13.10.2021;239769223.0;456096.0;4875683.0;6619626529.0
World;14.10.2021;240223319.0;455192.0;4883646.0;6642489060.0
World;15.10.2021;240681814.0;458495.0;4890846.0;6662937481.0
World;16.10.2021;241032608.0;350794.0;4896210.0;6678207152.0
World;17.10.2021;241352903.0;320295.0;4900504.0;6703745580.0
World;18.10.2021;241763340.0;410438.0;4906922.0;6733807022.0
World;19.10.2021;242194972.0;431632.0;4914980.0;6760533233.0
World;20.10.2021;242670203.0;475231.0;4923660.0;6796349584.0
World;21.10.2021;243132978.0;462775.0;4931327.0;6822617512.0
World;22.10.2021;243625892.0;492914.0;4939510.0;6850497233.0
World;23.10.2021;244009148.0;383256.0;4945403.0;6877991380.0
World;24.10.2021;244330078.0;320930.0;4949950.0;6900616957.0
World;25.10.2021;244756980.0;426912.0;4956652.0;6921846538.0
World;26.10.2021;245182548.0;425568.0;4964442.0;6949229636.0
World;27.10.2021;245696418.0;513870.0;4973587.0;6973013098.0
World;28.10.2021;246179848.0;483430.0;4982476.0;7003015894.0
World;29.10.2021;246674420.0;494572.0;4990285.0;7041145608.0
World;30.10.2021;247068340.0;393920.0;4996359.0;7073909653.0
World;31.10.2021;247432182.0;363842.0;5000877.0;7106361760.0
World;01.11.2021;247854447.0;422265.0;5007117.0;7130507052.0
World;02.11.2021;248257934.0;403487.0;5014281.0;7157984878.0
World;03.11.2021;248781147.0;523213.0;5022724.0;7186903923.0
World;04.11.2021;249299046.0;517899.0;5030337.0;7219339413.0
World;05.11.2021;249822917.0;523871.0;5038961.0;7253977301.0
World;06.11.2021;250260204.0;437287.0;5045713.0;7282165895.0
World;07.11.2021;250622121.0;361917.0;5050234.0;7309617067.0
World;08.11.2021;251093097.0;470976.0;5056825.0;7338232593.0
World;09.11.2021;251560745.0;467648.0;5064917.0;7372083934.0
World;10.11.2021;252134236.0;573539.0;5073209.0;7410568381.0
World;11.11.2021;252655059.0;521230.0;5080907.0;7443907074.0
World;12.11.2021;253254359.0;599300.0;5089921.0;7478140659.0
World;13.11.2021;253692842.0;438483.0;5096396.0;7512273165.0
World;14.11.2021;254072444.0;379602.0;5101082.0;7538535195.0
World;15.11.2021;254598457.0;526013.0;5107802.0;7564037422.0
World;16.11.2021;255104766.0;506309.0;5115476.0;7591592379.0
World;17.11.2021;255720153.0;615387.0;5124683.0;7623890182.0
World;18.11.2021;256342990.0;622837.0;5133063.0;7654062840.0
World;19.11.2021;256958348.0;615358.0;5141080.0;7687926635.0
World;20.11.2021;257458266.0;499918.0;5147335.0;7722428686.0
World;21.11.2021;257878955.0;420689.0;5151955.0;7749245471.0
World;22.11.2021;258480816.0;601861.0;5159021.0;7777921107.0
World;23.11.2021;259073235.0;574982.0;5167054.0;7808875343.0
World;24.11.2021;259730879.0;657644.0;5175677.0;7847473262.0
World;25.11.2021;260330217.0;599338.0;5183524.0;7874396365.0
World;26.11.2021;260942730.0;612513.0;5190417.0;7913229334.0
World;27.11.2021;261426655.0;483925.0;5196584.0;7942202165.0
World;28.11.2021;261858698.0;432043.0;5201466.0;7981887579.0
World;29.11.2021;262490675.0;631977.0;5208924.0;8015493153.0
World;30.11.2021;263090701.0;600026.0;5216972.0;8056900738.0
World;01.12.2021;263793268.0;702567.0;5226318.0;8099330169.0
World;02.12.2021;264501368.0;708100.0;5236454.0;8137815638.0
World;03.12.2021;265232797.0;731429.0;5245010.0;8171611828.0
World;04.12.2021;265767937.0;535140.0;5250840.0;8209200650.0
World;05.12.2021;266228367.0;460430.0;5258269.0;8240773527.0
World;06.12.2021;266828048.0;599715.0;5265134.0;8270044272.0
World;07.12.2021;267468418.0;640370.0;5272958.0;8300323136.0
World;08.12.2021;268180224.0;711806.0;5281276.0;8337238726.0
World;09.12.2021;268879152.0;698928.0;5289871.0;8376532341.0
World;10.12.2021;269573380.0;694260.0;5297931.0;8407594941.0
World;11.12.2021;270092681.0;519384.0;5304285.0;8452097915.0
World;12.12.2021;270550743.0;458062.0;5308902.0;8482140932.0
World;13.12.2021;271160501.0;609758.0;5315138.0;8511408362.0
World;14.12.2021;271799086.0;638585.0;5322915.0;8552327399.0
World;15.12.2021;272537220.0;738134.0;5331998.0;8591699388.0
World;16.12.2021;273280982.0;743762.0;5339402.0;8624349484.0
World;17.12.2021;274048557.0;767575.0;5346665.0;8668387516.0
World;18.12.2021;274619340.0;570783.0;5352738.0;8703318215.0
World;19.12.2021;275131833.0;512493.0;5357173.0;8737334111.0
World;20.12.2021;275868563.0;736730.0;5363801.0;8781852991.0
World;21.12.2021;276624322.0;755801.0;5371465.0;8819997374.0
World;22.12.2021;277534547.0;910266.0;5381848.0;8854420750.0
World;23.12.2021;278541967.0;1007420.0;5389101.0;8897378510.0
World;24.12.2021;279433573.0;891635.0;5395212.0;8931582913.0
World;25.12.2021;280135882.0;702309.0;5399570.0;8959563562.0
World;26.12.2021;280716360.0;580505.0;5403354.0;8984932965.0
World;27.12.2021;281984661.0;1268301.0;5409683.0;9017843391.0
World;28.12.2021;283310568.0;1325907.0;5417265.0;9064304127.0
World;29.12.2021;285006334.0;1695766.0;5425146.0;9103900916.0
World;30.12.2021;286948970.0;1942636.0;5432741.0;9141413700.0
World;31.12.2021;288694498.0;1745528.0;5439463.0;9174145789.0
World;01.01.2022;289920333.0;1225835.0;5443916.0;9193837705.0
World;02.01.2022;290840790.0;920457.0;5447209.0;9211253691.0
World;03.01.2022;293199758.0;2358974.0;5452944.0;9243643376.0
World;04.01.2022;295697847.0;2498089.0;5460890.0;9281971145.0
World;05.01.2022;298268260.0;2570413.0;5468817.0;9316790685.0
World;06.01.2022;300927531.0;2659271.0;5476439.0;9352255198.0
World;07.01.2022;303871402.0;2943871.0;5483690.0;9387950507.0
World;08.01.2022;306051941.0;2180539.0;5489236.0;9412119349.0
World;09.01.2022;308084779.0;2032838.0;5493250.0;9444284327.0
World;10.01.2022;311272982.0;3188203.0;5499669.0;9501379063.0
World;11.01.2022;314304407.0;3031428.0;5508922.0;9537950130.0
World;12.01.2022;317753162.0;3448755.0;5518126.0;9570688849.0
World;13.01.2022;320935867.0;3182705.0;5526449.0;9607264646.0
World;14.01.2022;324251856.0;3315989.0;5534446.0;9632596283.0
World;15.01.2022;326748945.0;2497089.0;5540853.0;9660403429.0
World;16.01.2022;328928547.0;2179602.0;5545232.0;9689653474.0
World;17.01.2022;331589046.0;2660499.0;5551331.0;9721028021.0
World;18.01.2022;335349221.0;3760175.0;5560613.0;9744310837.0
World;19.01.2022;339429060.0;4079839.0;5570665.0;9782759536.0
World;20.01.2022;343160922.0;3731862.0;5580363.0;9809697070.0
World;21.01.2022;346996420.0;3835498.0;5590333.0;9841896402.0
World;22.01.2022;349768518.0;2772098.0;5596561.0;9864606718.0
World;23.01.2022;352229328.0;2460810.0;5601594.0;9896213796.0
World;24.01.2022;355649609.0;3420281.0;5610098.0;9920598896.0
World;25.01.2022;359300883.0;3651274.0;5620817.0;9945055208.0
World;26.01.2022;362955936.0;3655053.0;5631420.0;9971860132.0
World;27.01.2022;366707411.0;3751475.0;5641962.0;9994613621.0
World;28.01.2022;370324621.0;3617210.0;5654195.0;10025244707.0
World;29.01.2022;373068708.0;2744087.0;5662245.0;10043283614.0
World;30.01.2022;375391789.0;2323081.0;5667917.0;10060980349.0
World;31.01.2022;378929401.0;2718329.0;5677642.0;10081936392.0
World;01.02.2022;382068203.0;3138802.0;5691640.0;10101027110.0
World;02.02.2022;385244092.0;3175889.0;5703808.0;10120592670.0
World;03.02.2022;388429642.0;3185550.0;5715504.0;10136736332.0
World;04.02.2022;391377784.0;2948142.0;5728642.0;10158918859.0
World;05.02.2022;393690688.0;2312904.0;5737032.0;10174220436.0
World;06.02.2022;395579237.0;1888549.0;5742906.0;10241759254.0
World;07.02.2022;398193967.0;2614730.0;5753768.0;10262785260.0
World;08.02.2022;400804760.0;2610793.0;5766807.0;10288782716.0
World;09.02.2022;403233027.0;2428267.0;5780103.0;10317351969.0
World;10.02.2022;406026757.0;2793730.0;5791859.0;10339924772.0
World;11.02.2022;408456362.0;2429605.0;5804045.0;10369474120.0
World;12.02.2022;410384378.0;1928016.0;5812881.0;10388464130.0
World;13.02.2022;411910527.0;1526149.0;5818110.0;10415406353.0
World;14.02.2022;413618952.0;1708425.0;5828989.0;10436740058.0
World;15.02.2022;415488159.0;1874739.0;5839692.0;10458069182.0
World;16.02.2022;417713298.0;2227713.0;5852663.0;10480621591.0
World;17.02.2022;419783073.0;2069775.0;5865049.0;10505343225.0
World;18.02.2022;421764390.0;1981317.0;5875685.0;10550485198.0
World;19.02.2022;423426160.0;1661770.0;5884227.0;10580031272.0
World;20.02.2022;424734696.0;1308536.0;5889599.0;10597684481.0
World;21.02.2022;426135304.0;1400608.0;5896789.0;10626442921.0
World;22.02.2022;427840414.0;1705110.0;5906929.0;10648737713.0
World;23.02.2022;429757954.0;1917540.0;5918942.0;10668121069.0
World;24.02.2022;431540664.0;1782710.0;5929705.0;10690899935.0
World;25.02.2022;433177041.0;1636377.0;5938550.0;10711334313.0
World;26.02.2022;434611779.0;1434738.0;5945069.0;10727352332.0
World;27.02.2022;435764015.0;1152253.0;5949573.0;10740438412.0
World;28.02.2022;437128217.0;1364202.0;5957196.0;10788328767.0
World;01.03.2022;438741831.0;1613614.0;5965372.0;10801700814.0
World;02.03.2022;440393249.0;1651418.0;5973346.0;10818374007.0
World;03.03.2022;442157283.0;1764034.0;5981526.0;10833493408.0
World;04.03.2022;443909878.0;1752608.0;5990098.0;10850390189.0
World;05.03.2022;445382322.0;1472444.0;5995787.0;10871889412.0
World;06.03.2022;446602958.0;1220636.0;5999877.0;10897880630.0
World;07.03.2022;448032408.0;1429450.0;6007417.0;10913069881.0
World;08.03.2022;449769782.0;1737374.0;6014664.0;10928956572.0
World;09.03.2022;451597171.0;1827389.0;6022452.0;10946397704.0
World;10.03.2022;453462823.0;1865995.0;6029979.0;10963043706.0
World;11.03.2022;455327864.0;1865041.0;6036456.0;10978526842.0
World;12.03.2022;457094757.0;1766893.0;6041179.0;10992956386.0
World;13.03.2022;458394714.0;1299957.0;6044533.0;11006407158.0
World;14.03.2022;460003774.0;1609063.0;6049820.0;11020179786.0
World;15.03.2022;461808581.0;1804807.0;6055126.0;11037501664.0
World;16.03.2022;464028431.0;2219850.0;6061920.0;11053308546.0
World;17.03.2022;466108624.0;2080193.0;6069003.0;11067812453.0
World;18.03.2022;467991125.0;1882501.0;6074436.0;11084382734.0
World;19.03.2022;469721964.0;1730839.0;6078277.0;11095356059.0
World;20.03.2022;470809213.0;1087249.0;6081366.0;11106179293.0
World;21.03.2022;472294238.0;1485025.0;6097697.0;11118257438.0
World;22.03.2022;474271116.0;1976882.0;6102589.0;11134506538.0
World;23.03.2022;476042796.0;1771680.0;6108436.0;11151646978.0
World;24.03.2022;477822448.0;1779657.0;6113688.0;11169107399.0
World;25.03.2022;479604517.0;1782069.0;6122670.0;11182667130.0
World;26.03.2022;480976271.0;1371754.0;6125595.0;11195601073.0
World;27.03.2022;481933329.0;957058.0;6128009.0;11209684777.0
World;28.03.2022;483410337.0;1477008.0;6132053.0;11232167350.0
World;29.03.2022;485161429.0;1751092.0;6136804.0;11252667576.0
World;30.03.2022;486757961.0;1596532.0;6141777.0;11270461451.0
World;31.03.2022;488570586.0;1812625.0;6146568.0;11305068928.0
World;01.04.2022;489734646.0;1164116.0;6151123.0;11313284663.0
World;02.04.2022;490797619.0;1062973.0;6153781.0;11319303331.0
World;03.04.2022;491601756.0;804137.0;6155473.0;11330168193.0
World;04.04.2022;492510020.0;908264.0;6158545.0;11344599061.0
World;05.04.2022;493851971.0;1341951.0;6162778.0;11356262600.0
World;06.04.2022;495301142.0;1449171.0;6170251.0;11366066269.0
World;07.04.2022;496526540.0;1225398.0;6174506.0;11378736485.0
World;08.04.2022;497701220.0;1174680.0;6178629.0;11389809217.0
World;09.04.2022;498485107.0;783887.0;6180793.0;11399455377.0
World;10.04.2022;499066527.0;581420.0;6182285.0;11414763207.0
World;11.04.2022;500028520.0;962121.0;6185264.0;11424294867.0
World;12.04.2022;501099257.0;1070737.0;6188604.0;11436519234.0
World;13.04.2022;502151186.0;1051959.0;6193140.0;11447532577.0
World;14.04.2022;503126686.0;975500.0;6196871.0;11456038357.0
World;15.04.2022;503849786.0;731146.0;6199134.0;11462060151.0
World;16.04.2022;504417691.0;567905.0;6200655.0;11466150800.0
World;17.04.2022;504846393.0;428702.0;6201970.0;11476516122.0
World;18.04.2022;505333100.0;486707.0;6203411.0;11487139005.0
World;19.04.2022;506296329.0;963502.0;6206836.0;11498317741.0
World;20.04.2022;507259935.0;964390.0;6211337.0;11506678596.0
World;21.04.2022;508170986.0;911051.0;6214905.0;11518011865.0
World;22.04.2022;508974239.0;803253.0;6217844.0;11526672224.0
World;23.04.2022;509494000.0;519761.0;6219279.0;11536140359.0
World;24.04.2022;509883824.0;389824.0;6220270.0;11545888101.0
World;25.04.2022;510479414.0;595590.0;6222696.0;11554598387.0
World;26.04.2022;511134915.0;655501.0;6227028.0;11575011172.0
World;27.04.2022;511959871.0;824956.0;6230583.0;11585437309.0
World;28.04.2022;512692488.0;732642.0;6233510.0;11594843217.0
World;29.04.2022;513352623.0;660135.0;6236250.0;11605640855.0
World;30.04.2022;513729386.0;376763.0;6237572.0;11612805451.0
World;01.05.2022;514046018.0;316632.0;6238484.0;11629479891.0
World;02.05.2022;514529755.0;483737.0;6240285.0;11633914322.0
World;03.05.2022;515204875.0;675520.0;6243115.0;11639382345.0
World;04.05.2022;515821250.0;616375.0;6246855.0;11644039570.0
World;05.05.2022;516415941.0;594691.0;6249500.0;11649438353.0
World;06.05.2022;517050698.0;634757.0;6251827.0;11661335041.0
World;07.05.2022;517400879.0;350181.0;6252855.0;11667049401.0
World;08.05.2022;517683855.0;282976.0;6253560.0;11674954705.0
World;09.05.2022;518400716.0;716861.0;6255559.0;11680089391.0
World;10.05.2022;519038608.0;637892.0;6257805.0;11687878718.0
World;11.05.2022;519730736.0;692128.0;6260368.0;11696386159.0
World;12.05.2022;520378073.0;647337.0;6262227.0;11703417378.0
World;13.05.2022;520947300.0;569227.0;6264182.0;11714198266.0
World;14.05.2022;521392257.0;444957.0;6265077.0;11719635038.0
World;15.05.2022;521758652.0;366395.0;6265705.0;11728225881.0
World;16.05.2022;522366850.0;608198.0;6267460.0;11734117930.0
World;17.05.2022;522961809.0;595250.0;6269393.0;11739072159.0
World;18.05.2022;523703600.0;741791.0;6271719.0;11747048868.0
World;19.05.2022;524293200.0;591156.0;6273556.0;11753088683.0
World;20.05.2022;524898961.0;605761.0;6275528.0;11762344068.0
World;21.05.2022;525275533.0;376572.0;6276643.0;11766925228.0
World;22.05.2022;525613503.0;337970.0;6277283.0;11782516751.0
World;23.05.2022;526129791.0;545941.0;6278714.0;11791701391.0
World;24.05.2022;526710306.0;580515.0;6280462.0;11797933933.0
World;25.05.2022;527352734.0;642428.0;6283103.0;11802864018.0
World;26.05.2022;527865857.0;517631.0;6284533.0;11809322954.0
World;27.05.2022;528431400.0;565543.0;6286540.0;11817860453.0
World;28.05.2022;528720679.0;289279.0;6287246.0;11822554314.0
World;29.05.2022;528996005.0;275326.0;6287786.0;11825771154.0
World;30.05.2022;529369929.0;373924.0;6289033.0;11826952328.0
